群昵称,leetcode-cn,leetcode,luogu
vincent,zhengkang,,
小喵,xiao-de-ge,,244276
俺是肺不疼,pandawakaka,,
君寻,gracious,,
bigloser,neverusedname,,
西方失败,,please_AC,
平洋客,,WithAPenny,
鲁鲁修,,hongrubb,
Shiki,,gerrardynwa,
Heroes.,kbob,,
Lannnnh,lannnnh,,
Nuullll,,Nuullll,
R,YAHIKO,yahiko-r,
Steven,yang-guang-liang-nan,,
Adam,,jiah,171290
Huiying,,huiyingsss,
咸鱼王,lau-4,,
Mizimomo,Mizimomo,,
鱼缸,,fanzhh,
Shayla,elliot-7,,
LulaLA.,xin-yu-3,,
MusaGeek,musa_geek,,279845
安静,dinary-2,,
ASDFGH,1005281342,,
小馄饨,,,242973
宿命,lxx,,
Dagon__,dagon0577,Dagon,
青瑶,,,129209
Ann,Ann14,,
苯环*3,benhuan,,
XFour,XFour,,