群昵称,leetcode-cn,leetcode,luogu,lintcode,hackerrank,codeforces,hdu,vjudge
vincent,zhengkang,,,,,,,
Heroes.,kbob,,,,,,,
Lannnnh,Lannnnh,,,,,,,
炼心,passerone,,,,,,,
爱屋及乌,csdu-gou,,,,,,,
Nuullll,,Nuullll,,,,nuullll,,
平阳客,,JamCrash,,,,,,
西方失败,,please_AC,,,,,,
蛋醇,,zhstark,,,,,,
君寻,gracious,,,,,,,
小绿鸡,YY51930460,,,,,,17510507048,YY51930460
临界,lin_jie_4,,,,,,,
Adam,,jiah,171290,,,,,
lc107,,redtiger,,,,,,
周赛稳定前五选手,wangshengyu,,,,,,,
抽刀断水水更流,cantaloupejinjin,,,,,,,
楼普,littlehaes,,,,,,,
大胖雪,realwuxue,,,,,,,
勿忘初心,hncboy,,,,,,,
李人杰,,lirenjie,,,,,,
Echo,Cxy1996,,,,,,,
mike-meng,mike-meng,mike-box,,,,,,